{
    "epoch": 1.0,
    "eval_samples": 474,
    "exact_match": 57.083333333333336,
    "f1": 66.46451383583738,
    "train_loss": 1.3856987656954534,
    "train_runtime": 196.6384,
    "train_samples": 7978,
    "train_samples_per_second": 40.572,
    "train_steps_per_second": 2.538
}