{
    "epoch": 1.0,
    "eval_samples": 474,
    "exact_match": 57.083333333333336,
    "f1": 66.46451383583738
}